,precision,recall,f1-score,support
0,0.8888888888888888,1.0,0.9411764705882353,8
1,0.8461538461538461,0.9166666666666666,0.88,12
2,0.9886363636363636,0.9666666666666667,0.9775280898876404,90
accuracy,0.9636363636363636,0.9636363636363636,0.9636363636363636,0
macro avg,0.9078930328930329,0.9611111111111111,0.9329015201586253,110
weighted avg,0.9658384544748181,0.9636363636363636,0.964244907769032,110
MCC,,,,
