,precision,recall,f1-score,support
0,0.625,0.7142857142857143,0.6666666666666666,7
1,0.6666666666666666,0.5,0.5714285714285714,8
2,0.9791666666666666,0.9894736842105263,0.9842931937172775,95
accuracy,0.9363636363636364,0.9363636363636364,0.9363636363636364,0
macro avg,0.7569444444444443,0.7345864661654136,0.7407961439375051,110
weighted avg,0.9339015151515151,0.9363636363636364,0.9340540785566964,110
MCC,,,,
